package,package_update,repository_update
421752593pro,2022-04-04,2020-08-07
@0xcda7a/npm,2022-04-04,2020-08-07
@ackee/react-scripts,2022-06-08,2022-06-02
@adactive/kiosk-react-scripts,2022-06-12,2018-12-13
@agneta/platform,2022-04-04,2018-10-27
@atomist/automation-client,2022-05-03,2021-10-04
@audentio/kinetic,2022-04-04,2020-02-03
@biotope/build,2022-04-04,2020-12-12
@blackbaud/skyux-builder,2022-06-12,2020-07-27
@boundless-inc/mobiledoc-dom-renderer,2022-04-04,2017-03-07
@capacitor/core,2022-09-30,2022-09-28
@chialab/rna-cli,2022-04-04,2022-02-03
@conveyal/analysis-ui,2022-06-12,2022-01-13
@curiostack/base-web,2022-06-12,2022-03-13
@dallin343/chisel-cms,2022-04-05,2021-12-15
@davids-devel/rocket-translator,2022-04-05,2019-12-27
@denali-js/core,2022-04-05,2018-06-11
@dvhb/cli,2022-04-05,2019-08-30
@dvhb/webpack,2022-06-12,2018-12-11
@eccenca/gulp-tasks,2022-06-12,2019-06-03
@egis/build-tools,2022-06-12,2020-08-04
@ericmcornelius/ease,2022-04-05,2019-06-01
@eservices/servicebot,2022-04-05,2018-10-18
@evan.network/angular-gulp,2022-04-05,2019-11-05
@eybo/keystone,2022-04-05,2019-05-03
@feiyuerenhai/nut,2022-06-12,2018-12-13
@framing/biz,2022-06-12,2017-06-08
@gerv/fusion-cli,2022-04-05,2018-04-16
@getbeyond/beyond-cli,2022-04-05,2021-01-28
@grandrounds/react-native,2022-04-05,2017-06-26
@helio-training/babel-preset-helio,2022-06-12,2017-05-15
@helpscout/zero,2022-04-05,2019-10-31
@holisticon/angularjs-common,2022-08-30,2018-12-19
@jayway/tds,2022-04-05,2021-02-01
@kirill.konshin/nwb,2022-06-12,2021-04-30
@loftysoul/soul,2022-04-06,2020-03-08
@mage-catfish/react-scripts,2022-04-06,2019-11-04
@mapbox/batfish,2022-04-06,2021-12-01
@mara/x,2022-08-26,2021-07-19
@mblode/react-native-feather,2022-04-06,2018-04-05
@mercateo/ws,2022-06-12,2021-06-16
@mixup/x,2022-04-06,2020-08-06
@mochen/muse,2022-04-06,2019-09-30
@mr-web/config,2022-04-06,2018-10-02
@mrauhu/npm,2022-04-06,2017-07-17
@nail-cli/core,2022-04-06,2019-08-06
@namchey/linkpreview,2022-04-06,2022-03-15
@netdata/interactive-landscape,2022-04-06,2018-12-28
@newsteam/brick,2022-07-11,2019-06-13
@ngxvoice/ngx-voicelistner,2022-06-12,2017-12-24
@novembrecom/zxcvbn,2022-04-06,2017-10-13
@octokit/rest,2022-09-29,2022-09-27
@omgjs/turbo,2022-04-06,2018-11-06
@omnia/fx,2022-09-30,2022-08-26
@pawjs/pawjs,2022-09-24,2022-06-24
@pegakit/build-tools,2022-06-12,2017-03-24
@phosphor/algorithm,2022-06-12,2019-11-05
@phosphor/widgets,2022-06-12,2019-11-05
@polymer/polymer,2022-06-12,2022-06-03
@quoine/react-static,2022-04-06,2018-05-18
@react-qml/cli,2022-04-06,2020-03-26
@reslow/cli,2022-04-06,2019-10-09
@reworkjs/reworkjs,2022-06-12,2021-09-30
@sailshq/lodash,2022-06-12,2019-08-21
@saritasa/react-scripts,2022-05-26,2018-10-02
@schacker/hpack-cli,2022-04-06,2021-09-14
@soulpicks/react-scripts,2022-04-07,2020-02-20
@southcn/ckeditor5-build-inline,2022-04-07,2020-05-01
@split-demo/shared-build-deps,2022-04-07,2018-10-15
@stoplight/react-static,2022-06-13,2022-04-29
@treshugart/nwb,2022-06-13,2021-04-30
@ubiquits/toolchain,2022-06-13,2016-11-29
@unaussprechlich/keystone,2022-04-07,2021-02-03
@unction/complete,2022-04-07,2020-12-30
@velop-pkg/server,2022-04-07,2018-04-15
@velop/server,2022-04-07,2018-04-15
@vuesion/service,2022-04-07,2021-09-25
@weepower/cli,2022-04-07,2019-10-25
@wlk/client,2022-04-11,2018-09-01
@zerothstack/toolchain,2022-06-13,2016-11-29
@zerowastemap/bankai,2022-04-11,2019-04-11
JSONStream,2022-06-13,2018-10-14
abbrev,2022-06-14,2022-04-05
abecms,2022-09-06,2022-09-01
accepts,2022-06-13,2022-02-02
adm-zip,2022-06-13,2021-10-07
advanced-boilerplate,2022-06-13,2017-10-24
aegis-tools,2022-06-13,2016-12-15
agentkeepalive,2022-06-13,2022-02-21
agneta-platform,2022-06-13,2018-10-27
ajv-keywords,2022-06-13,2022-01-15
akpack,2022-06-13,2016-10-10
alfy,2022-06-13,2022-04-18
altiore-react,2022-06-13,2017-04-14
angular,2022-07-25,2022-04-12
angular-animate,2022-06-13,2022-04-12
angular-build,2022-06-13,2016-11-02
angular-cli-koco,2022-06-13,2017-01-25
ansi-colors,2022-06-13,2022-05-16
ansi-html,2022-06-13,2022-03-01
ansi-regex,2022-06-13,2021-10-28
any-promise,2022-06-13,2016-07-28
anymatch,2022-06-13,2021-05-14
apc-youtube,2022-04-11,2018-07-25
apollo-link,2022-06-13,2020-07-20
apollo-link-http,2022-06-13,2020-07-20
apoly-nwb,2022-06-13,2021-04-30
app-root-path,2022-08-16,2022-08-02
app.io,2022-06-13,2017-07-17
arch-keystone,2022-06-13,2018-02-26
archiver,2022-06-13,2022-04-15
argparse,2022-06-13,2022-05-10
array-back,2022-06-13,2022-01-14
array-flatten,2022-06-13,2021-10-10
array-uniq,2022-06-13,2021-05-03
arrify,2022-06-13,2021-11-09
arui-scripts,2022-09-30,2022-03-30
asap,2022-06-13,2022-01-05
asn1,2022-06-13,2022-03-09
assert,2022-06-13,2019-09-24
assert-plus,2022-06-13,2022-05-10
assertion-error,2022-06-13,2021-10-25
assets-webpack-plugin,2022-06-13,2021-09-20
assign-symbols,2022-06-13,2018-08-07
async-limiter,2022-04-11,2020-11-12
asynckit,2022-06-13,2016-06-14
athena-beta,2022-04-11,2018-07-31
atomic-stories-components,2022-04-11,2019-04-15
aurelia-pal,2022-06-13,2019-03-26
autoprefixer-loader,2022-06-13,2016-01-18
ava-ts,2022-04-11,2019-04-22
awesome-lint,2022-06-13,2021-11-30
awesome-typescript-loader,2022-06-13,2018-11-08
aws-sign2,2022-06-13,2017-04-12
aws4,2022-06-13,2020-10-31
axios-retry-ano,2022-04-11,2018-03-27
axis-react-scripts,2022-04-11,2020-07-09
azure-cli,2022-06-13,2021-04-19
babel-build,2022-06-13,2016-12-14
babel-eslint,2022-06-13,2020-10-10
babel-helper-vue-jsx-merge-props,2022-06-13,2017-12-06
babel-plugin-add-module-exports,2022-06-13,2018-09-28
babel-plugin-dynamic-import-node,2022-06-13,2020-04-22
babel-plugin-import,2022-06-13,2022-04-14
babel-plugin-istanbul,2022-06-13,2021-10-16
babel-plugin-lodash,2022-06-13,2018-08-28
babel-plugin-macros,2022-06-13,2022-01-24
babel-plugin-module-resolver,2022-06-13,2021-07-26
babel-plugin-react-css-modules,2022-06-13,2021-04-23
babel-plugin-react-require,2022-06-13,2020-07-17
babel-plugin-react-transform,2022-06-13,2017-09-12
babel-plugin-styled-components,2022-06-13,2022-04-07
babel-plugin-transform-decorators-legacy,2022-06-13,2020-11-13
babel-plugin-transform-react-remove-prop-types,2022-06-13,2021-11-28
babel-plugin-transform-vue-jsx,2022-06-13,2019-06-05
babel-preset-env,2022-06-13,2018-05-10
babelify,2022-06-13,2019-04-02
babylon,2022-06-13,2018-05-19
babylonia,2022-04-11,2019-04-01
backbone,2022-09-21,2022-08-23
badin-react,2022-04-11,2019-05-13
balanced-match,2022-06-13,2022-03-16
bankai,2022-06-13,2022-05-19
base-64,2022-06-13,2020-10-17
base-x,2022-06-13,2022-02-17
base64-arraybuffer,2022-06-13,2022-01-22
base64-js,2022-06-13,2020-11-11
base64url,2022-06-13,2020-12-19
basenji,2022-06-13,2016-04-12
basic-auth,2022-06-13,2018-09-25
bb-lp-cli,2022-06-28,2016-08-11
bcryptjs,2022-09-02,2020-12-04
bees-cli,2022-06-13,2017-09-08
better-assert,2022-06-13,2017-04-03
better-babel-cli,2022-06-13,2018-07-05
big-bertha,2022-06-13,2016-10-18
big-integer,2022-06-30,2022-03-08
bimn,2022-04-11,2020-10-27
bindings,2022-06-13,2019-02-27
bip39,2022-06-13,2022-04-27
bipio,2022-06-13,2019-05-29
bl,2022-06-13,2021-04-02
blessed,2022-06-13,2016-01-04
bolero-chatangle.lib,2022-04-12,2019-09-23
boom,2022-08-19,2022-05-02
boringbits,2022-04-12,2019-04-17
boy-smart,2022-06-13,2017-09-12
brace-expansion,2022-06-13,2022-06-08
braces,2022-06-13,2019-06-16
brain-vue-cli,2022-04-12,2019-02-20
brainfock,2022-06-13,2021-10-18
brfs,2022-06-13,2019-11-13
broccoli-funnel,2022-06-13,2021-06-17
broccoli-merge-trees,2022-06-13,2020-03-30
broccoli-plugin,2022-06-13,2021-05-03
broccoli-source,2022-06-13,2021-03-11
browser-sync,2022-09-25,2022-07-04
browserify,2022-06-13,2022-03-28
bruce-cli,2022-04-12,2021-04-02
bs58,2022-06-13,2022-02-17
bslint,2022-04-12,2019-04-01
buffer,2022-06-13,2021-02-11
buffer-crc32,2022-06-13,2022-02-09
buffer-from,2022-06-13,2021-07-29
build-boiler,2022-06-13,2016-10-27
builtins,2022-06-13,2022-06-02
bundle-loader,2022-06-13,2020-06-24
busboy,2022-06-19,2022-04-19
bytebuffer,2022-06-13,2018-03-10
bytes,2022-06-13,2022-01-28
cache-loader,2022-06-13,2020-10-27
camel-case,2022-06-13,2021-10-10
camelcase,2022-06-13,2022-06-06
canes,2022-04-12,2021-11-11
case-sensitive-paths-webpack-plugin,2022-06-13,2021-02-22
caseless,2022-06-13,2018-03-09
cf-abacus,2022-06-13,2019-08-08
chai,2022-06-13,2022-01-26
chai-as-promised,2022-06-13,2018-08-19
chance,2022-06-13,2022-04-29
change-case,2022-06-13,2021-10-10
charenc,2022-06-13,2018-09-03
chartwerk-editor,2022-06-13,2018-10-05
check-error,2022-06-13,2021-10-08
cherry-design,2022-04-12,2020-08-03
chewie-system,2022-06-13,2017-06-26
child-process-promise,2022-06-13,2017-03-29
child_process,2022-06-13,2021-10-07
chunky-cli,2022-06-13,2021-10-29
ciena-devops-testbed,2022-04-12,2018-07-02
circular-dependency-plugin,2022-06-13,2021-03-14
clean-webpack-plugin,2022-06-13,2021-09-01
clear,2022-06-13,2018-02-27
cli,2022-06-13,2016-10-23
cli-boxes,2022-06-13,2021-01-16
cli-cursor,2022-06-13,2021-08-23
cli-spinner,2022-06-13,2019-07-08
cli-table,2022-06-13,2021-12-15
cli-table2,2022-06-13,2018-11-09
cli-ux,2022-09-07,2022-01-31
cli-width,2022-06-13,2022-05-12
clipboardy,2022-07-06,2021-10-13
clone,2022-06-13,2021-11-06
cloudcms-server,2022-09-15,2022-09-03
clui,2022-06-13,2020-09-08
co,2022-06-13,2016-10-17
codemirror,2022-09-20,2022-06-30
codeplan,2022-06-13,2017-09-16
cogear,2022-04-27,2021-01-06
color,2022-06-13,2022-04-21
color-name,2022-06-13,2018-09-21
color-string,2022-06-13,2022-04-22
colorful,2022-06-13,2017-08-17
colors,2022-06-13,2022-01-08
columnify,2022-06-13,2022-02-03
combined-stream,2022-06-13,2019-05-12
command-exists,2022-06-13,2020-09-07
command-line-args,2022-06-13,2022-01-29
command-line-usage,2022-06-13,2022-04-13
common-tags,2022-06-13,2020-06-02
compages,2022-04-27,2017-08-23
component-emitter,2022-06-13,2019-04-15
compression,2022-06-19,2022-05-15
compute.io,2022-06-13,2017-09-07
concat-stream,2022-06-13,2018-12-21
configstore,2022-06-13,2021-04-05
connect,2022-06-13,2021-08-25
connect-flash,2022-06-13,2020-06-10
connect-mongo,2022-06-13,2022-02-26
connect-redis,2022-06-13,2022-03-18
consolidate,2022-06-13,2022-03-14
content-disposition,2022-06-13,2021-12-10
content-type,2022-06-13,2019-02-02
convert-source-map,2022-06-13,2021-06-18
cookie,2022-06-13,2022-04-11
cookie-parser,2022-08-26,2022-03-08
cookie-signature,2022-06-13,2022-02-17
cookiejar,2022-06-13,2021-09-29
cool-cli,2022-04-27,2020-06-11
copay-crown,2022-04-27,2018-04-22
cordova-plugin-demotoast,2022-04-27,2019-07-09
cordova-plugin-require-bluetoothle,2022-06-14,2017-01-18
cordova-plugin-tsp,2022-06-14,2017-08-14
core-util-is,2022-06-14,2021-08-31
cors,2022-06-19,2022-05-14
cosmiconfig,2022-06-14,2022-06-04
coveralls,2022-06-14,2021-06-29
crc,2022-06-14,2022-04-08
create-hash,2022-06-14,2018-04-11
create-react-web-test,2022-04-27,2018-04-17
create-reaction-app,2022-04-27,2018-05-20
cross-env,2022-06-14,2021-01-05
cross-fetch,2022-06-14,2022-04-23
cross-spawn,2022-06-14,2020-11-23
crunchicorn,2022-06-14,2016-03-11
crypt,2022-06-14,2016-12-22
cryptiles,2022-08-18,2022-05-07
crypto,2022-06-14,2016-08-26
crypto-js,2022-06-14,2021-09-16
css,2022-06-14,2021-05-25
css-hot-loader,2022-06-14,2019-04-16
css-in-js-utils,2022-06-14,2020-08-11
cuid,2022-06-14,2021-10-08
cyb-cli,2022-04-28,2019-11-28
cyb-cli-s,2022-04-28,2019-11-28
d,2022-06-14,2021-06-30
d3-color,2022-06-14,2022-05-19
d3-interpolate,2022-06-14,2021-06-05
d3-path,2022-06-14,2021-06-05
d3-scale,2022-06-14,2021-09-24
d3-selection,2022-06-14,2021-06-07
dargs,2022-06-14,2021-06-30
dateformat,2022-06-14,2022-02-19
davanmonet,2022-04-28,2022-01-17
dayjs,2022-09-26,2022-08-30
dd-rn-packager,2022-06-14,2017-08-03
debounce,2022-06-14,2021-03-09
debug,2022-08-09,2022-03-31
decamelize,2022-06-14,2022-04-06
decode-uri-component,2022-06-14,2019-10-27
decompress,2022-06-14,2020-04-01
decompress-response,2022-06-14,2021-10-27
deep-assign,2022-06-14,2017-07-23
deep-diff,2022-06-14,2019-01-09
deep-extend,2022-06-14,2018-05-22
deepmerge,2022-06-14,2021-12-07
defaults,2022-06-14,2015-10-02
define-properties,2022-06-14,2022-04-15
del,2022-08-26,2022-07-19
delayed-stream,2022-06-14,2015-04-30
denali,2022-06-15,2018-06-11
denodeify,2022-06-15,2015-12-12
depd,2022-06-15,2021-11-12
detect-conflict,2022-06-15,2018-05-19
detect-libc,2022-06-15,2022-02-14
diagnostics,2022-06-15,2019-06-06
dicer,2022-06-15,2021-12-19
distributions.io,2022-06-15,2015-12-15
do-base-react-scripts,2022-04-29,2019-07-20
doctrine,2022-06-15,2018-12-03
doly-cli,2022-04-29,2022-04-14
dom-helpers,2022-06-15,2021-05-07
dom-walk,2022-06-15,2020-04-03
dot,2022-06-15,2020-07-26
double-ended-queue,2022-06-15,2016-03-21
download,2022-06-15,2020-04-02
dtrace-provider,2022-06-16,2019-08-17
duplexer,2022-06-16,2021-03-08
duplexer2,2022-06-16,2016-06-19
duplexify,2022-06-16,2021-07-21
easy-scripts,2022-04-30,2020-10-09
easynode,2022-06-16,2016-07-15
eden.js,2022-06-16,2019-10-08
edenjs-core,2022-06-16,2019-10-08
edgestack,2022-06-16,2017-10-24
editions,2022-06-16,2021-07-29
ee-first,2022-06-16,2018-06-06
ejs-loader,2022-06-16,2020-11-18
elasticsearch,2022-06-16,2022-02-17
electrode-archetype-react-app-dev-sync,2022-06-16,2016-12-14
electrode-archetype-react-app-dev-sync-internal-jmcriffey,2022-06-16,2016-12-14
electrode-archetype-react-app-sync-dev,2022-06-16,2016-12-14
element-resize-detector,2022-06-16,2021-12-14
elliptic,2022-06-16,2021-02-02
embark,2022-06-16,2020-10-08
ember-cli-version-checker,2022-06-16,2021-08-03
encodeurl,2022-06-17,2019-01-01
end-of-stream,2022-06-17,2020-12-08
engine.io,2022-06-17,2022-06-06
ensemblejs,2022-06-17,2017-06-15
ensure-posix-path,2022-06-17,2019-02-04
envify,2022-06-17,2017-07-07
envinfo,2022-09-27,2022-04-21
enzyme,2022-06-17,2021-09-17
enzyme-adapter-react-16,2022-06-17,2021-09-17
enzyme-to-json,2022-06-17,2021-04-08
errlop,2022-05-01,2021-07-29
errno,2022-06-17,2020-12-16
errorhandler,2022-06-17,2020-03-10
es5-shim,2022-06-17,2022-05-23
es6-error,2022-06-17,2018-11-20
es6-iterator,2022-06-17,2021-06-30
es6-promise,2022-06-17,2019-06-19
es6-promisify,2022-06-17,2021-05-26
es6-react-scripts,2022-05-01,2018-08-26
es6-shim,2022-06-17,2022-05-06
es6-symbol,2022-06-17,2021-06-30
escape-html,2022-06-17,2019-01-11
escape-string-regexp,2022-06-17,2021-04-17
escodegen,2022-06-17,2020-12-02
eslint-config-prettier,2022-06-17,2022-05-04
eslint-config-standard,2022-06-17,2022-04-20
eslint-config-standard-react,2022-06-17,2022-03-08
eslint-friendly-formatter,2022-06-17,2021-11-14
eslint-loader,2022-06-17,2020-09-27
eslint-plugin-babel,2022-06-17,2020-07-31
eslint-plugin-flowtype,2022-06-17,2021-11-01
eslint-plugin-node,2022-06-17,2021-06-03
eslint-plugin-react,2022-09-09,2017-12-10
eslint-plugin-standard,2022-06-17,2020-11-23
esm,2022-06-17,2019-09-26
esprima,2022-06-17,2021-08-29
estraverse,2022-06-17,2021-10-25
estree-walker,2022-06-17,2021-12-20
esutils,2022-06-17,2019-10-21
etag,2022-06-17,2018-09-26
ethereumjs-tx,2022-06-17,2020-04-06
event-emitter,2022-07-10,2021-06-30
event-stream,2022-06-30,2018-09-20
events,2022-06-17,2021-02-27
eventsource-polyfill,2022-06-17,2019-11-08
execa,2022-09-21,2022-07-22
exenv,2022-06-17,2017-04-23
exit,2022-06-17,2013-11-26
express,2022-09-04,2022-08-20
express-http-proxy,2022-06-17,2021-10-26
express-session,2022-08-26,2022-05-11
extend,2022-06-17,2022-01-09
extend-shallow,2022-06-17,2017-12-19
extensive-react-server,2022-05-02,2018-04-15
external-editor,2022-06-17,2020-12-01
extract-loader,2022-06-17,2020-05-26
extract-text-webpack-plugin,2022-06-17,2019-05-29
extract-zip,2022-06-17,2021-08-01
fancy-log,2022-06-17,2022-01-07
fast-deep-equal,2022-06-17,2020-06-09
fast-diff,2022-06-17,2018-10-08
fast-json-stable-stringify,2022-06-17,2020-07-15
fast-safe-stringify,2022-06-17,2021-09-08
fastclick,2022-06-17,2021-02-12
fcash-pay,2022-05-02,2018-10-12
fcashpay-app,2022-05-02,2018-10-12
fervor,2022-06-18,2020-01-03
ffi,2022-06-18,2019-01-25
fibers,2022-08-30,2022-08-09
fie-toolkit-wangpumod,2022-06-18,2018-05-30
figlet,2022-06-30,2021-10-03
file-loader,2022-06-18,2021-03-05
file-uri-to-path,2022-06-18,2019-10-11
fill-range,2022-06-18,2019-06-17
find-cache-dir,2022-06-18,2021-08-29
find-up,2022-06-18,2022-06-12
findup-sync,2022-06-18,2021-10-31
fired-up-stripe,2022-06-18,2017-07-19
fishzero,2022-05-02,2017-09-16
fluent-ffmpeg,2022-06-18,2021-01-13
fn.name,2022-06-18,2018-06-14
forever-agent,2022-06-18,2016-10-18
fork-ts-checker-webpack-plugin-alt,2022-05-02,2018-10-17
form-data,2022-06-18,2021-02-15
formide-client,2022-06-18,2017-04-24
frdl,2022-05-02,2021-06-30
freemamba,2022-06-18,2017-08-25
fresh,2022-06-18,2019-04-11
friendly-errors-webpack-plugin,2022-06-18,2019-12-23
front-matter,2022-06-18,2021-10-08
fs,2022-07-24,2021-10-07
fs-extra,2022-08-30,2022-04-16
fs-promise,2022-06-18,2017-05-06
fs.realpath,2022-06-18,2022-02-27
fsevents,2022-06-18,2021-12-17
fstream,2022-06-18,2021-06-01
fuzzy,2022-06-18,2016-10-01
gatsby-theme-ant-docs,2022-05-03,2021-05-22
gatsby-theme-antdsite,2022-05-03,2021-05-22
gaze,2022-06-18,2018-12-27
generator-arwen,2022-06-18,2016-12-12
generator-shackstack,2022-06-18,2016-05-05
generator-white-label,2022-06-18,2018-04-15
get-caller-file,2022-06-18,2019-03-09
get-func-name,2022-06-18,2021-10-08
get-port,2022-06-18,2022-02-24
get-stdin,2022-06-18,2021-08-08
gh-got,2022-06-18,2022-01-01
gh-pages,2022-06-18,2022-05-10
git-clone,2022-06-18,2022-03-28
gix-npm-server,2022-05-03,2018-11-04
gl-matrix,2022-06-18,2022-06-15
glob,2022-06-18,2022-05-16
glob-parent,2022-06-18,2021-09-29
glob-watcher,2022-06-18,2020-07-23
global,2022-06-18,2019-06-10
globby,2022-06-18,2022-06-12
gp-boilerplate-environment,2022-06-18,2018-07-15
graceful-fs,2022-06-18,2022-04-04
gray-matter,2022-06-18,2021-04-24
gript,2022-06-18,2017-10-31
grumbler-scripts,2022-06-18,2022-04-11
grunt,2022-06-18,2022-05-10
grunt-cli,2022-06-18,2021-05-25
grunt-contrib-concat,2022-07-19,2022-05-27
grunt-contrib-copy,2022-06-18,2020-06-05
grunt-contrib-jshint,2022-06-18,2022-05-27
grunt-contrib-uglify,2022-07-19,2022-06-21
grunt-contrib-watch,2022-06-18,2019-08-10
gulp,2022-09-04,2021-06-22
gulp-babel,2022-06-18,2020-07-17
gulp-changed,2022-06-18,2021-06-15
gulp-clean,2022-06-18,2018-01-10
gulp-clean-css,2022-06-18,2020-03-15
gulp-cli,2022-07-25,2020-07-13
gulp-concat,2022-08-26,2020-06-18
gulp-conflict,2022-06-18,2015-04-26
gulp-eslint,2022-06-18,2019-06-28
gulp-filter,2022-08-26,2021-04-24
gulp-htmlmin,2022-06-18,2018-09-08
gulp-if,2022-06-18,2019-07-18
gulp-imagemin,2022-06-18,2021-09-26
gulp-install,2022-06-18,2017-03-23
gulp-jshint,2022-06-18,2018-10-31
gulp-less,2022-08-04,2021-06-20
gulp-notify,2022-06-18,2021-04-22
gulp-plumber,2022-06-18,2018-11-27
gulp-postcss,2022-06-18,2021-08-29
gulp-rename,2022-06-18,2019-12-04
gulp-sass,2022-06-18,2021-12-31
gulp-shell,2022-06-18,2020-02-12
gulp-sourcemaps,2022-06-18,2020-11-26
gulp-template,2022-06-18,2021-01-01
gulp-typescript,2022-06-18,2020-01-11
gulp-uglify,2022-06-18,2019-03-01
gulp-util,2022-06-18,2019-11-23
gulp-watch,2022-06-18,2020-11-30
guvnor,2022-06-18,2016-01-07
gzip-size,2022-06-18,2021-11-23
hammerjs,2022-06-18,2019-05-28
handlebars-loader,2022-06-18,2022-05-21
happypack,2022-06-18,2019-01-04
har-schema,2022-06-18,2018-11-07
har-validator,2022-06-18,2020-10-20
hard-source-webpack-plugin,2022-06-18,2020-05-04
has,2022-06-18,2019-10-07
has-ansi,2022-06-18,2021-09-13
has-binary2,2022-06-18,2020-04-16
has-flag,2022-06-18,2021-07-19
has-symbols,2022-06-18,2022-03-01
hash-for-dep,2022-06-18,2019-03-21
hash-sum,2022-06-18,2019-06-28
he,2022-07-06,2018-09-23
heimdalljs,2022-06-18,2021-09-29
hendo-cli,2022-06-18,2019-01-09
hendo-cli-luozheao,2022-05-04,2019-01-09
hexlet-pairs,2022-06-18,2022-06-17
hey-cli,2022-06-18,2019-10-31
highland,2022-06-18,2020-06-18
hilo-tools,2022-06-18,2017-06-22
hippo-fw,2022-06-18,2019-01-20
hiredis,2022-06-18,2019-11-21
history,2022-06-18,2022-02-22
hoek,2022-08-18,2022-07-23
hogan.js,2022-06-18,2021-12-13
hoist-non-react-statics,2022-06-18,2020-07-14
hollow-cli,2022-05-05,2020-05-05
holodex,2022-06-18,2016-09-15
horizontec-keystone,2022-05-05,2018-11-30
hornet-js-builder,2022-06-18,2022-03-08
html-entities,2022-06-18,2022-03-30
html-minifier,2022-06-18,2021-10-10
html-webpack-plugin,2022-06-18,2022-01-25
http,2022-06-18,2021-10-07
http-errors,2022-06-18,2021-12-18
http-proxy,2022-06-18,2020-05-17
http-server,2022-07-19,2022-05-31
http-signature,2022-06-18,2021-11-17
http-status-codes,2022-06-18,2022-05-25
https-proxy-agent,2022-06-18,2022-04-14
hyperwire,2022-06-18,2017-09-16
hyphenate-style-name,2022-06-18,2021-05-24
i,2022-06-18,2022-02-12
ibhubslogin,2022-06-18,2017-07-20
iblogin,2022-06-18,2017-07-20
iconv-lite,2022-06-19,2022-02-19
identity-obj-proxy,2022-06-19,2019-04-07
ieee754,2022-06-19,2020-10-29
ignite,2022-06-19,2020-03-12
ignore,2022-06-19,2022-01-10
image-webpack-loader,2022-06-19,2022-01-11
imagemin,2022-06-19,2021-08-11
imagemin-pngquant,2022-06-19,2021-03-05
img-loader,2022-06-19,2021-05-08
immediate,2022-06-19,2020-06-09
immutability-helper,2022-06-19,2020-10-15
import-local,2022-06-19,2022-01-06
imt-cli,2022-05-05,2021-06-29
indent-string,2022-06-19,2022-06-05
inert,2022-08-19,2022-07-17
inflight,2022-06-19,2022-04-04
inherits,2022-06-19,2022-02-27
iniparser,2022-06-19,2012-01-02
insights-core,2022-06-19,2020-03-05
insomnia-cli,2022-05-05,2018-12-03
install,2022-06-19,2019-07-03
integ-scripts,2022-05-06,2018-11-26
internal-ip,2022-06-19,2022-01-29
intl,2022-06-19,2020-05-11
invariant,2022-06-19,2021-04-13
ip,2022-06-19,2022-05-10
ipaddr.js,2022-06-19,2022-03-18
ipfs,2022-09-26,2022-09-23
is,2022-06-19,2021-12-06
is-arguments,2022-06-19,2021-12-08
is-buffer,2022-06-19,2020-11-03
is-ci,2022-06-19,2021-10-26
is-extendable,2022-06-19,2018-07-12
is-extglob,2022-06-19,2019-05-25
is-fullwidth-code-point,2022-06-19,2021-04-16
is-generator-function,2022-07-13,2021-12-15
is-glob,2022-06-19,2021-10-22
is-number,2022-06-19,2018-07-04
is-obj,2022-06-19,2021-04-16
is-plain-obj,2022-06-19,2022-06-15
is-plain-object,2022-06-19,2020-09-09
is-stream,2022-06-19,2021-08-10
is-typedarray,2022-06-19,2015-05-17
is-url,2022-06-19,2018-03-26
is-wsl,2022-06-19,2020-12-02
isemail,2022-06-19,2020-10-15
isexe,2022-06-19,2022-02-27
isobject,2022-06-19,2020-02-11
isomorphic-fetch,2022-06-19,2020-09-23
isstream,2022-06-19,2015-12-30
istanbul,2022-06-19,2017-05-12
istanbul-instrumenter-loader,2022-06-19,2020-09-03
istextorbinary,2022-06-19,2021-07-31
itsa-react-server,2022-06-19,2017-07-21
iview,2022-06-19,2020-06-30
jade,2022-06-19,2021-12-23
jest-environment-jsdom-fourteen,2022-05-06,2020-11-02
jest-pnp-resolver,2022-05-06,2020-06-24
jm-intlnext,2022-05-06,2018-07-25
jnwb,2022-05-06,2021-04-30
js-base64,2022-09-20,2022-07-23
js-tokens,2022-06-19,2022-05-15
jsesc,2022-06-19,2020-10-28
json-loader,2022-06-19,2018-08-20
json-schema-traverse,2022-06-19,2021-01-05
json-stringify-safe,2022-06-19,2015-05-20
jsonfile,2022-06-19,2021-09-23
jsonparse,2022-06-19,2020-04-27
jsonschema,2022-06-19,2022-05-17
jsonwebtoken,2022-06-19,2021-03-31
jsprim,2022-09-27,2021-11-17
jszip,2022-09-05,2022-08-02
jujin-dv,2022-05-07,2019-10-13
jw-components-mobile,2022-06-19,2017-05-30
jwt-decode,2022-08-30,2022-07-20
jwt-simple,2022-06-19,2021-04-14
karma-chrome-launcher,2022-06-19,2022-03-09
karma-coverage,2022-06-19,2022-02-10
karma-jasmine,2022-06-19,2022-06-16
karma-mocha,2022-06-19,2020-09-15
karma-mocha-reporter,2022-06-19,2017-10-17
karma-phantomjs-launcher,2022-06-19,2017-03-10
karma-sourcemap-loader,2022-06-19,2020-08-18
karma-spec-reporter,2022-06-19,2022-04-12
kenya-project-pkg,2022-06-19,2017-04-26
kevio,2022-06-19,2016-08-19
keycode,2022-06-19,2021-11-15
keypress,2022-06-19,2017-09-01
keystone-rus,2022-05-07,2018-07-17
keystone_oss,2022-06-19,2016-05-27
kibana-with-account,2022-06-19,2016-11-09
kind-of,2022-06-19,2020-01-16
klaw,2022-06-19,2021-09-18
koa-bodyparser,2022-06-19,2020-05-23
koa-compose,2022-06-19,2022-03-30
koa-convert,2022-06-19,2020-09-10
koa-logger,2022-06-19,2020-09-09
koa-mount,2022-06-19,2021-12-18
koiki,2022-06-19,2018-11-26
kountexample,2022-06-19,2017-01-17
kw-web-suite,2022-06-19,2021-01-21
lazy-bee-ui,2022-05-07,2019-11-01
learning_locker,2022-06-19,2021-11-16
left-pad,2022-06-19,2019-03-14
less-plugin-npm-import,2022-06-19,2018-12-07
leveldown,2022-06-19,2022-06-12
lie,2022-06-19,2018-03-06
liftoff,2022-07-13,2022-03-15
lightsight,2022-06-19,2019-09-17
listr,2022-06-19,2021-10-24
load-json-file,2022-06-19,2022-02-18
loader-utils,2022-06-19,2022-04-11
localforage,2022-06-19,2021-10-03
locate-path,2022-06-19,2022-06-06
lodash,2022-09-25,2021-04-23
lodash-es,2022-08-14,2021-04-23
lodash-webpack-plugin,2022-06-19,2020-12-21
lodash._reinterpolate,2022-06-19,2021-04-23
lodash.assign,2022-06-19,2021-04-23
lodash.camelcase,2022-06-19,2021-04-23
lodash.clonedeep,2022-06-19,2021-04-23
lodash.debounce,2022-06-19,2021-04-23
lodash.defaults,2022-06-19,2021-04-23
lodash.flatten,2022-06-19,2021-04-23
lodash.foreach,2022-06-19,2021-04-23
lodash.get,2022-06-19,2021-04-23
lodash.isempty,2022-06-19,2021-04-23
lodash.isequal,2022-06-19,2021-04-23
lodash.isfunction,2022-06-19,2021-04-23
lodash.isobject,2022-06-19,2021-04-23
lodash.isplainobject,2022-06-19,2021-04-23
lodash.isstring,2022-06-19,2021-04-23
lodash.map,2022-06-19,2021-04-23
lodash.merge,2022-06-19,2021-04-23
lodash.omit,2022-06-19,2021-04-23
lodash.pick,2022-06-19,2021-04-23
lodash.set,2022-06-19,2021-04-23
lodash.template,2022-06-19,2021-04-23
lodash.throttle,2022-06-19,2021-04-23
lodash.uniq,2022-06-19,2021-04-23
log-symbols,2022-06-19,2021-12-04
log-update,2022-06-19,2022-05-11
loglevel,2022-06-19,2021-11-18
long,2022-06-19,2021-11-25
loose-envify,2022-06-19,2018-07-10
lowdb,2022-06-19,2022-03-10
lower-case,2022-06-19,2021-10-10
make-dir,2022-06-19,2021-01-24
map-stream,2022-06-19,2017-03-19
markdown,2022-06-19,2019-03-05
markdown-loader,2022-06-19,2022-01-28
mastarm,2022-06-19,2021-06-11
mcashscan-frontend,2022-05-09,2020-04-30
md5,2022-06-19,2021-11-06
md5-file,2022-06-19,2020-04-08
media-typer,2022-06-19,2021-04-06
memoize-one,2022-06-19,2021-10-27
memory-fs,2022-06-19,2019-10-08
merge,2022-06-19,2021-02-22
merge-descriptors,2022-06-19,2019-01-11
merge-stream,2022-06-19,2019-06-19
merge2,2022-06-19,2021-08-05
merino,2022-06-19,2020-10-11
meshblu-core-dispatcher,2022-06-19,2017-10-18
method-override,2022-08-26,2018-07-12
methods,2022-06-19,2018-08-01
micromatch,2022-06-19,2022-03-24
miguelcostero-ng2-toasty,2022-05-09,2017-06-13
mikser,2022-06-19,2022-06-15
mime,2022-06-19,2022-06-13
mime-db,2022-06-19,2022-05-20
mime-types,2022-06-19,2022-03-12
mimic-response,2022-06-19,2021-08-11
min-document,2022-06-19,2021-02-25
minimatch,2022-06-19,2022-05-16
mkdirp,2022-06-19,2022-02-17
mockjs,2022-06-20,2019-10-24
modeify,2022-06-20,2019-07-17
moe-scripts,2022-05-09,2018-08-03
moment,2022-08-19,2022-07-06
morgan,2022-08-26,2020-04-13
ms,2022-09-21,2022-06-26
mulp,2022-05-10,2018-07-13
multer,2022-07-24,2021-12-07
multimatch,2022-06-20,2021-10-18
mustache,2022-09-04,2021-04-27
mute-stream,2022-06-20,2022-04-04
mv,2022-06-20,2015-06-22
my-demo-pkg-test,2022-06-20,2017-04-26
my-first-kenya-pkg,2022-06-20,2017-04-26
my-first-kenya-pkg-test,2022-06-20,2017-04-26
my-kenya-pkg,2022-06-20,2017-04-26
mysql,2022-07-25,2022-03-13
mz,2022-06-20,2017-09-13
nail-cli,2022-06-20,2019-08-06
nan,2022-06-20,2022-05-25
nanachi-webpack,2022-05-10,2020-02-24
naver-npm,2022-06-20,2020-08-07
nconf,2022-06-20,2021-11-01
ncp,2022-06-20,2015-02-22
nd-rc-tools,2022-05-10,2018-12-05
ndv-scripts,2022-05-10,2020-10-09
nedb,2022-06-20,2021-07-08
needle,2022-06-20,2022-04-25
negotiator,2022-06-20,2022-01-23
neo-async,2022-06-21,2020-12-14
netdata-collectors-landscape,2022-05-10,2018-12-28
next-nodecms,2022-05-10,2021-04-28
next-tick,2022-06-21,2021-06-30
nger-cli,2022-05-10,2020-09-12
nguye,2022-06-21,2017-01-06
nib,2022-06-21,2022-05-17
no-case,2022-06-21,2021-10-10
no-one-left-behind,2022-05-10,2018-02-10
noble,2022-06-21,2018-06-08
node-build-web-app,2022-06-21,2016-05-15
node-cache,2022-06-21,2021-11-05
node-dingtalk-robot,2022-05-11,2017-09-30
node-dir,2022-06-21,2017-02-10
node-emoji,2022-06-21,2022-06-07
node-forge,2022-06-21,2022-03-30
node-libs-browser,2022-06-21,2019-06-12
node-notifier,2022-06-21,2022-02-01
node-sass,2022-09-25,2022-09-08
node-schedule,2022-06-21,2022-06-06
node-static,2022-06-21,2022-03-09
node-uuid,2022-06-30,2020-01-16
node.extend,2022-06-21,2022-05-16
nodecg,2022-06-22,2022-03-30
nodemon,2022-09-25,2022-09-16
nomnom,2022-06-22,2015-09-09
normalize-path,2022-06-22,2018-11-07
normalize.css,2022-06-22,2018-11-05
normalizr,2022-06-22,2022-03-19
not-bundled-npm,2022-05-11,2020-08-07
npm-2,2022-06-22,2020-08-07
npm-msys2,2022-06-22,2020-08-07
npm-run-all,2022-06-22,2019-10-17
npm5,2022-06-22,2020-08-07
npm5v,2022-06-22,2020-08-07
nprogress,2022-06-22,2020-04-19
nst-cli,2022-05-11,2018-02-22
nuclide,2022-06-22,2018-12-12
null-loader,2022-06-22,2020-12-22
numeral,2022-06-22,2017-03-27
nunjucks,2022-06-22,2021-02-15
nwb,2022-06-22,2021-04-30
nyc,2022-06-22,2021-04-09
oak-react,2022-05-12,2019-05-17
oauth-sign,2022-06-22,2018-08-02
object-assign,2022-06-22,2021-01-02
object-hash,2022-06-22,2022-02-18
object-keys,2022-06-22,2021-12-08
object-path,2022-06-22,2021-09-16
object.entries,2022-06-22,2021-12-15
object.omit,2022-06-22,2017-09-04
object.values,2022-06-22,2021-12-14
offline-plugin,2022-06-22,2019-05-24
olymp,2022-06-22,2018-02-23
omni-common-ui,2022-06-22,2020-09-13
on-finished,2022-06-22,2022-02-22
on-headers,2022-06-22,2020-07-04
once,2022-06-22,2022-02-27
one-time,2022-06-22,2019-05-05
onetime,2022-06-22,2021-05-11
open-browser-webpack-plugin,2022-06-22,2019-07-09
opener,2022-06-22,2020-08-29
optimize-css-assets-webpack-plugin,2022-06-23,2021-06-23
optionator,2022-06-23,2021-06-11
ora,2022-09-27,2022-07-26
origami-build-tools,2022-06-23,2021-11-19
os,2022-06-23,2021-07-13
os-homedir,2022-06-23,2019-05-31
os-locale,2022-06-23,2021-12-23
os-tmpdir,2022-06-23,2019-05-31
osenv,2022-06-23,2019-02-08
p-limit,2022-06-23,2021-08-12
p-locate,2022-06-23,2022-06-04
p-map,2022-06-23,2022-06-09
p-try,2022-06-23,2021-10-04
pako,2022-06-23,2022-06-10
palo-express,2022-06-23,2016-01-31
pangea,2022-06-23,2017-03-19
parse-json,2022-06-23,2022-01-06
parseurl,2022-06-23,2022-03-30
passbolt-mad,2022-06-23,2021-01-28
passport,2022-06-23,2022-05-22
passport-local,2022-08-26,2021-06-29
passport-oauth,2022-06-23,2020-06-10
passport-oauth1,2022-06-23,2021-11-08
passport-oauth2,2022-06-23,2021-09-24
passport-strategy,2022-06-23,2017-09-17
patchbay,2022-06-23,2020-12-08
path,2022-09-25,2015-09-13
path-exists,2022-06-23,2021-08-12
path-is-absolute,2022-06-23,2019-05-31
path-key,2022-06-23,2021-04-09
path-parse,2022-06-23,2021-05-25
path-to-regexp,2022-06-23,2022-05-26
pathval,2022-06-23,2021-01-26
patternx,2022-05-12,2017-10-30
pb-schema,2022-06-23,2017-07-04
pd-react-scripts,2022-05-12,2018-12-22
pegakit-build-tools,2022-06-23,2017-03-24
pegjs,2022-06-23,2019-11-16
performance-now,2022-06-23,2021-02-05
phantomjs,2022-06-23,2019-07-23
phantomjs-prebuilt,2022-08-16,2019-07-23
picidae,2022-06-23,2018-12-20
pinkie-promise,2022-06-24,2016-09-30
pkginfo,2022-06-24,2017-08-23
pluralize,2022-06-24,2021-10-07
pm2,2022-07-25,2022-02-17
pngjs,2022-06-24,2020-10-25
pnp-webpack-plugin,2022-05-13,2021-07-21
postcss-cssnext,2022-06-24,2019-03-18
postcss-flexbugs-fixes,2022-06-24,2021-02-07
postcss-normalize,2022-06-24,2021-09-15
postcss-pxtorem,2022-06-24,2021-03-06
postcss-reporter,2022-06-24,2021-12-26
postcss-selector-parser,2022-06-24,2022-05-20
postcss-url,2022-06-24,2021-03-19
postcss-value-parser,2022-06-24,2021-11-30
prebuild-install,2022-06-24,2022-06-07
precss,2022-06-24,2018-11-23
prelude-ls,2022-06-24,2021-06-11
pretty-error,2022-06-24,2021-10-23
pretty-hrtime,2022-06-24,2017-06-14
prettyjson,2022-06-24,2022-02-22
private,2022-06-24,2018-02-24
process,2022-06-24,2017-12-21
process-nextick-args,2022-06-24,2019-06-19
progress,2022-08-09,2018-12-05
progress-bar-webpack-plugin,2022-06-24,2022-05-23
promise-polyfill,2022-06-24,2022-03-12
prompt,2022-06-24,2022-04-11
prompts,2022-08-09,2021-11-26
prop-types,2022-06-24,2022-03-07
proxy-addr,2022-06-24,2021-06-01
prr,2022-06-24,2014-07-22
pull-stream,2022-09-15,2021-05-05
pump,2022-06-25,2020-07-02
punycode,2022-06-25,2020-10-23
q,2022-07-25,2021-09-15
qd-clis,2022-05-13,2018-05-13
qu-build,2022-06-25,2018-11-29
quasar-cli,2022-06-25,2019-07-11
query-string,2022-06-25,2022-02-05
querystring,2022-06-25,2022-01-26
querystringify,2022-06-25,2022-04-07
quick-react-starter,2022-05-13,2017-12-05
qxf2006hf0216,2022-05-13,2020-08-07
radium,2022-08-29,2022-08-19
raf,2022-06-25,2019-02-14
ramda,2022-09-04,2022-08-16
randombytes,2022-06-25,2019-02-19
randomstring,2022-06-25,2022-01-22
range-parser,2022-06-25,2019-07-16
rapid-build,2022-06-25,2018-10-27
raw-body,2022-06-25,2022-02-28
raw-loader,2022-06-25,2021-01-25
rc,2022-09-15,2018-05-26
rc-tools,2022-06-25,2020-03-12
rc_ghost,2022-05-14,2019-06-13
rclib-tools,2022-05-14,2018-03-20
react-angular-component,2022-05-14,2018-05-08
react-apollo,2022-06-25,2020-07-20
react-base-starter-project,2022-06-25,2019-01-06
react-color,2022-06-25,2020-11-17
react-dnd,2022-06-25,2022-04-20
react-dnd-html5-backend,2022-06-25,2022-04-20
react-document-title,2022-06-25,2018-01-04
react-dom-chunky,2022-06-25,2021-10-29
react-helmet,2022-09-25,2020-06-30
react-hot-loader,2022-06-25,2022-05-29
react-lifecycles-compat,2022-05-14,2019-07-19
react-loadable,2022-06-26,2020-03-03
react-markdown,2022-06-26,2022-06-05
react-motion,2022-06-26,2019-11-17
react-native,2022-10-01,2022-09-30
react-native-ok-sdk,2022-06-26,2017-07-19
react-native-plus,2022-06-26,2017-04-13
react-native-vector-icons,2022-06-26,2022-06-24
react-openfin-scripts,2022-05-15,2019-06-20
react-qml-cli,2022-05-15,2020-03-26
react-redux-package-gw,2022-06-26,2017-03-23
react-router-redux,2022-06-26,2018-10-26
react-scripts-custom-template,2022-05-15,2019-03-28
react-setup,2022-06-26,2017-02-11
react-static,2022-06-26,2022-04-29
react-static-fivetran,2022-06-26,2022-04-29
react-static-with-missing-dep,2022-05-15,2018-11-24
react-tap-event-plugin,2022-06-26,2018-05-29
react-transform-catch-errors,2022-06-26,2016-04-18
react-transform-hmr,2022-06-26,2016-04-18
react-virtualized,2022-06-26,2022-04-23
react-websockets,2022-05-15,2022-03-10
react-zeroconfig,2022-05-15,2021-06-02
reaction-build,2022-06-26,2018-08-17
read,2022-06-26,2021-09-21
read-pkg,2022-06-26,2022-02-08
read-pkg-up,2022-06-26,2022-02-08
recompose,2022-06-26,2018-12-03
recursive-readdir,2022-06-26,2019-06-06
redbox-react,2022-06-26,2018-04-26
redis-commands,2022-06-26,2021-02-06
redis-errors,2022-06-26,2017-06-01
redis-parser,2022-06-26,2020-04-21
redux-actions,2022-06-26,2020-05-08
redux-devtools-extension,2022-06-26,2022-01-18
redux-form,2022-06-26,2021-11-17
redux-immutable,2022-06-26,2022-03-28
redux-logger,2022-06-26,2019-03-29
redux-thunk,2022-06-26,2022-03-23
redux-universal-renderer,2022-06-26,2021-07-21
redux-universal-starter,2022-06-26,2021-07-21
redux-webpack-boilerplate,2022-06-26,2016-05-27
ref,2022-06-26,2018-12-17
reflect-metadata,2022-06-26,2019-05-20
reiso,2022-05-15,2018-08-27
rekit-studio-sdk,2022-05-15,2020-11-24
relient-cli,2022-05-15,2021-12-24
repeat-string,2022-06-26,2016-11-04
replace-ext,2022-06-26,2021-12-29
request,2022-09-04,2020-02-11
request-promise,2022-06-26,2020-07-22
request-promise-core,2022-06-26,2020-07-22
request-promise-native,2022-06-26,2020-07-22
require-all,2022-06-26,2018-07-03
require-dir,2022-06-26,2018-11-26
require-directory,2022-06-26,2016-09-20
require-main-filename,2022-06-26,2019-06-23
require_optional,2022-06-26,2018-04-12
requireindex,2022-06-26,2018-10-04
requirejs,2022-06-26,2022-02-04
requires-port,2022-06-26,2022-03-23
reselect,2022-06-26,2022-06-07
resize-observer-polyfill,2022-06-26,2018-12-09
resolve-from,2022-06-26,2021-01-02
resolve-url-loader,2022-06-26,2022-01-17
restify,2022-06-26,2022-05-06
restler,2022-06-26,2015-09-29
restore-cursor,2022-06-26,2021-08-23
restory,2022-05-15,2018-06-12
retry,2022-06-26,2022-01-20
riko-cli,2022-06-26,2018-12-14
rimraf,2022-06-26,2022-02-27
rm3,2022-06-26,2020-02-18
rmc-tools,2022-05-16,2017-09-20
rn-packager,2022-06-26,2017-08-03
rollup,2022-09-23,2022-09-22
rollup-plugin-babel,2022-07-13,2020-04-28
rollup-plugin-commonjs,2022-06-26,2019-12-21
rollup-plugin-json,2022-06-26,2019-11-10
rollup-plugin-node-resolve,2022-06-26,2019-12-02
rollup-pluginutils,2022-06-26,2019-12-31
rsvp,2022-06-26,2021-01-18
rucksack-css,2022-06-26,2021-01-24
run-async,2022-06-26,2020-04-27
run-sequence,2022-07-13,2018-01-03
rx,2022-06-26,2017-07-18
safe-buffer,2022-06-26,2020-10-29
safe-json-stringify,2022-09-15,2018-05-24
safer-buffer,2022-05-16,2020-07-13
sagui,2022-06-26,2019-09-24
sanitize-filename,2022-06-26,2020-02-18
sax,2022-06-26,2022-02-27
scot4,2022-06-26,2017-07-27
script-ext-html-webpack-plugin,2022-06-26,2020-10-26
script-loader,2022-06-26,2019-11-05
secp256k1,2022-06-26,2022-01-08
send,2022-06-26,2022-03-24
serialize-javascript,2022-06-26,2022-05-27
serve,2022-09-21,2022-07-30
serve-favicon,2022-06-26,2018-04-13
serve-index,2022-06-26,2021-04-03
serve-static,2022-06-26,2022-03-25
server-destroy,2022-06-26,2015-05-20
servicebot,2022-06-26,2021-01-12
set-blocking,2022-06-26,2021-02-17
setimmediate,2022-06-26,2016-09-12
setprototypeof,2022-06-26,2022-06-24
sha.js,2022-06-26,2018-03-20
sha1,2022-06-26,2016-11-23
shallowequal,2022-06-26,2021-01-06
shebang-command,2022-06-26,2019-09-30
shebang-regex,2022-06-26,2021-08-13
shortid,2022-06-26,2020-10-21
should,2022-06-26,2019-03-07
should-type,2022-06-26,2016-08-14
sift,2022-06-26,2022-02-15
signal-exit,2022-06-26,2022-02-26
simple-get,2022-06-26,2022-03-17
sindredash,2022-06-26,2015-12-21
sinon-chai,2022-06-26,2022-04-29
skylor.min-admin,2022-06-26,2017-12-27
skypager-framework,2022-06-26,2021-07-19
sliced,2022-06-26,2016-08-30
slim-cli,2022-06-26,2018-06-05
slugify,2022-09-04,2022-08-25
sm-webpack-config,2022-06-26,2021-05-31
smarthouse-frontend,2022-06-26,2020-07-20
smasher,2022-06-26,2016-04-21
smashing-dev-tool,2022-06-26,2016-04-21
smashing-scripts,2022-05-18,2019-10-09
snekfetch,2022-06-26,2018-06-19
socket.io-adapter,2022-06-26,2022-05-25
source-list-map,2022-06-26,2018-10-10
source-map,2022-06-26,2021-05-02
source-map-support,2022-06-26,2021-11-23
sparkles,2022-06-26,2022-02-01
split,2022-06-26,2017-09-06
sprint-scripts,2022-05-18,2019-05-28
sprintf,2022-06-26,2014-12-03
sprintf-js,2022-06-26,2021-08-10
sqlstring,2022-06-26,2022-03-07
ssb-patchwork,2022-06-26,2021-05-12
ssh2,2022-06-26,2022-06-15
ssh2-streams,2022-06-26,2020-05-21
sshpk,2022-06-26,2022-01-07
stack-trace,2022-06-26,2021-05-07
stanzarize,2022-06-26,2019-11-11
start-server-webpack-plugin,2022-06-26,2019-08-18
stats-webpack-plugin,2022-06-27,2018-08-28
statuses,2022-06-27,2021-05-19
stealthy-require,2022-06-27,2019-07-26
steamer-react-isomorphic,2022-06-27,2018-08-26
streamsearch,2022-06-27,2021-12-19
strict-uri-encode,2022-06-27,2019-09-30
strider,2022-06-27,2021-10-23
string,2022-06-27,2016-11-16
string-template,2022-06-27,2016-11-11
string-width,2022-06-27,2022-02-28
string_decoder,2022-06-27,2019-08-07
strip-ansi,2022-06-27,2021-09-11
strip-bom,2022-06-27,2021-04-16
styled-components,2022-09-27,2022-09-24
svg-inline-loader,2022-06-27,2020-10-09
svg-sprite-loader,2022-06-27,2021-10-24
sw-precache-webpack-plugin,2022-06-27,2020-01-25
swig,2022-06-27,2016-08-05
symbol-observable,2022-06-27,2022-01-05
sync-request,2022-06-27,2019-03-17
table,2022-06-27,2022-04-09
taketalk,2022-06-27,2015-01-20
tanngo,2022-06-27,2017-01-09
tapable,2022-06-27,2021-09-13
tar-fs,2022-06-27,2020-11-06
tar-pack,2022-06-27,2017-10-24
tchin-react-components,2022-05-19,2020-02-11
temp,2022-06-27,2021-04-01
terra-kaiju-plugin,2022-09-07,2020-07-07
the-demo-site,2022-06-27,2018-12-12
the-react-scripts,2022-05-21,2020-09-21
thenify,2022-06-27,2020-10-25
thenify-all,2022-06-27,2020-12-10
thread-loader,2022-06-27,2021-05-10
throttle-debounce,2022-06-27,2022-05-02
through,2022-06-27,2015-07-03
through2,2022-07-25,2020-06-30
tiny-emitter,2022-06-27,2019-07-01
tiny-warning,2022-05-21,2020-02-05
tinycolor2,2022-06-27,2021-02-28
to-fast-properties,2022-06-27,2021-08-13
to-regex-range,2022-06-27,2019-06-16
topo,2022-08-19,2022-05-03
touch,2022-06-27,2017-06-30
tovar.js,2022-06-27,2018-06-04
toyako,2022-06-27,2017-07-25
triple-beam,2022-06-27,2018-05-24
ts-pnp,2022-05-22,2020-03-26
tslint,2022-07-13,2021-03-25
tslint-config-prettier,2022-05-22,2021-05-30
tslint-eslint-rules,2022-06-27,2021-09-12
tslint-loader,2022-06-27,2022-02-07
tslint-react,2022-06-27,2020-04-21
tsutils,2022-06-27,2021-03-07
tunnel-agent,2022-06-27,2017-03-05
tv4,2022-06-27,2018-02-15
tweetnacl,2022-06-27,2022-06-06
type-detect,2022-06-28,2021-09-26
type-is,2022-06-28,2022-02-22
ufp-core,2022-05-22,2019-03-23
uglifyjs-webpack-plugin,2022-06-28,2019-12-05
uid2,2022-06-28,2021-08-25
underscore.string,2022-06-28,2022-01-23
undertaker,2022-06-28,2020-08-16
unique-random-array,2022-06-28,2021-04-09
unirest,2022-07-13,2019-02-21
unist-util-is,2022-06-28,2022-06-05
universal-app,2022-06-28,2018-04-15
universal-cli,2022-06-28,2017-08-03
universalify,2022-06-28,2020-07-25
unzip,2022-06-28,2014-09-09
upath,2022-06-28,2021-07-30
upper-case,2022-06-28,2021-10-10
uri-js,2022-06-28,2021-04-01
urijs,2022-06-28,2022-04-03
url,2022-06-28,2021-12-08
url-join,2022-06-28,2022-05-28
url-loader,2022-06-28,2021-03-15
user-home,2022-06-28,2021-04-09
ustwo.com-frontend,2022-06-28,2018-04-16
utf8,2022-06-28,2017-12-04
util,2022-06-28,2022-05-18
util-deprecate,2022-06-28,2018-11-11
util.promisify,2022-05-22,2021-12-08
utils-merge,2022-06-28,2020-06-17
uuid,2022-09-11,2022-09-05
vai,2022-05-23,2018-11-29
valid-url,2022-06-28,2020-10-17
validate-npm-package-license,2022-06-28,2020-12-16
validate.io,2022-06-28,2015-12-05
vary,2022-06-28,2020-12-24
vc-tools,2022-05-23,2021-08-08
vchat,2022-06-28,2017-05-17
verb,2022-06-28,2018-05-30
verror,2022-06-28,2021-11-02
vinyl-buffer,2022-06-28,2017-12-23
vinyl-fs,2022-06-28,2020-05-17
vinyl-source-stream,2022-06-28,2017-12-23
vinyl-sourcemaps-apply,2022-06-28,2015-12-27
vorpal,2022-06-28,2018-08-15
vue-class-component,2022-06-28,2020-12-15
vue-cli-plugin-ut-builder,2022-05-23,2019-06-29
vue-cvs,2022-05-23,2016-12-26
vue-express-mongo-boilerplate,2022-06-28,2019-10-18
vue-hot-reload-api,2022-06-28,2019-12-27
vue-html-loader,2022-06-28,2018-01-06
vue-slate-tools,2022-05-23,2019-05-10
vue-starter-service,2022-05-23,2019-03-01
vue-style-loader,2022-06-28,2021-03-03
vue2do,2022-06-28,2021-04-25
vuex,2022-06-28,2022-05-28
warning,2022-06-28,2022-02-14
watch,2022-06-28,2017-08-20
watchify,2022-06-28,2021-01-28
wcwidth,2022-06-28,2016-05-30
webpack,2022-09-25,2022-07-26
webpack-chain,2022-06-28,2021-10-13
webpack-dashboard,2022-08-29,2022-07-20
webpack-manifest-plugin,2022-06-28,2022-03-24
webpack-marauder,2022-05-24,2022-02-07
webpack-md5-hash,2022-06-28,2018-01-16
webpack-merge,2022-08-14,2021-06-23
webpack-node-externals,2022-06-29,2021-04-29
webpack-sources,2022-06-29,2022-01-11
webpack-stats-plugin,2022-08-29,2022-08-12
webpack-stream,2022-06-29,2021-08-31
webpack-visualizer-plugin,2022-06-29,2017-02-24
webpackbar,2022-05-24,2022-04-08
webpackcc,2022-06-29,2018-12-13
websocket,2022-06-29,2021-12-10
wedmaster,2022-06-29,2020-08-07
whatwg-fetch,2022-06-29,2021-12-08
when,2022-06-29,2022-04-10
which,2022-06-29,2022-04-04
which-module,2022-06-29,2019-08-20
wildplate,2022-06-29,2017-03-27
windows.foundation,2022-06-29,2021-07-08
winston-transport,2022-06-29,2022-06-28
withhold-message-ava,2022-06-29,2017-03-07
wnode,2022-06-29,2019-03-04
word-wrap,2022-06-29,2018-05-04
worker-loader,2022-06-29,2021-09-09
wrap-ansi,2022-06-29,2021-09-13
wrappy,2022-06-29,2021-09-21
wrench,2022-06-29,2016-03-30
write-file-webpack-plugin,2022-06-29,2021-07-06
xapiwrapper,2022-05-24,2020-07-23
xcode,2022-09-18,2022-07-19
xes-webpack-core,2022-05-24,2021-03-27
xhr,2022-06-29,2020-11-28
xml-js,2022-06-29,2019-02-13
xml2js,2022-06-29,2022-03-26
xml2json,2022-06-29,2019-07-02
xmlbuilder,2022-06-29,2022-04-02
xmlhttprequest,2022-06-29,2018-03-29
xo-server,2022-06-29,2018-02-01
xpath,2022-06-29,2021-07-04
xregexp,2022-06-29,2022-06-05
xys_cli,2022-06-29,2018-07-18
y18n,2022-06-29,2021-04-07
ya-driver,2022-05-25,2019-01-18
yallist,2022-06-29,2022-02-27
yaml-loader,2022-06-29,2022-04-26
yamljs,2022-06-29,2019-11-12
yanxlg-rc-tools,2022-05-25,2019-04-17
yapm,2022-06-29,2015-01-28
yii-steroids,2022-05-25,2022-02-18
yosay,2022-06-29,2019-08-14
zeditor,2022-06-29,2015-05-19
zls-init,2022-05-25,2019-12-10
zus-cli,2022-05-25,2021-03-29
